{"id":0,"timestamp":0,"type":4,"size":56912,"dataSize":56399,"metaSize":512,"image":{"mode":"JPEG_RGB","width":1920,"height":1080,"bpp":8},"status":{"camId":1021700001,"exposure":0.033333,"red gain:":0.000000,"blue gain:":0.000000,"position":{"x":0.000000,"y":0.000000,"z":0.000000,"theta":0.000000,"phi":0.000000,"rho":0.000000},"FOV":{"minTheta":0.000000,"maxTheta":0.000000,"minPhi":0.000000,"maxPhi":0.000000,"iFOV":0.000000},"aperture:":0.000000,"focal length":0.000000,"framerate":0.000000,"gain":1.545262,"saturation":1.000000,"shutter":0.033333,"sensor type":"UNKNOWN","sensor ROI":{"x offset":0,"y offset":0,"width":0,"height":0},"tiling policy":"Full-resolution single","tile":1,"gamma":1.000000}}}}